index,commit,date,unsafe_fn,unsafe_block
0,7a0f1200,2026-08-07,69,273
1,d2d1945e,2026-08-07,100,299
2,9c86e2e1,2026-08-07,122,312
3,8842e1f2,2026-08-07,140,312
4,e51397e1,2026-08-07,140,312
5,00afe9ee,2026-08-07,140,312
6,03dbb119,2026-08-07,140,312
7,582ddca2,2026-08-07,200,348
8,f5461811,2026-08-07,201,348
9,8e6bfed0,2026-08-07,201,348
10,9ed6801e,2026-08-07,258,372
11,6cfff498,2026-08-07,258,372
12,86567aa9,2026-08-07,258,372
13,19381983,2026-08-07,334,398
14,5fd79d5f,2026-08-07,376,400
15,7183b2a7,2026-08-07,376,400
16,0b77f3e7,2026-08-08,449,400
17,806a3a69,2026-08-08,493,400
18,8b194bac,2026-08-08,559,400
19,875cbe24,2026-08-08,625,402
20,91dae991,2026-08-08,685,403
21,36223c4a,2026-08-08,726,404
22,d22dfc59,2026-08-08,1018,426
23,cf55d1bd,2026-08-08,1223,432
24,7d272c8d,2026-08-08,1258,432
25,4145a100,2026-08-08,1259,432
26,108a1504,2026-08-08,1259,432
27,15f8d3c9,2026-08-08,1259,432
28,dcd14d78,2026-08-08,1259,432
29,c8793066,2026-08-08,1259,432
30,01bddba4,2026-08-08,1259,432
31,fd76f3c2,2026-08-08,1259,432
32,8a592729,2026-08-08,1259,432
33,1fe7194e,2026-08-08,1259,411
34,df988e8e,2026-08-08,1259,411
35,53f9628b,2026-08-08,1259,411
36,53eda53f,2026-08-08,1259,411
37,4311d7d4,2026-08-08,1257,410
38,a457c1a5,2026-08-08,1257,410
39,d85bb22e,2026-08-08,1257,410
40,2b98f312,2026-08-08,1256,410
41,8b781440,2026-08-08,1256,410
42,ab23fcd9,2026-08-08,1255,411
43,440761ad,2026-08-08,1255,411
44,37fb0a02,2026-08-08,1254,475
45,ae8a59a6,2026-08-08,1254,475
46,e025f8a6,2026-08-08,1254,475
47,1a1b20d2,2026-08-08,1254,475
48,ae1c06d2,2026-08-09,1254,475
49,6fbe731f,2026-08-09,1254,475
50,dd942d27,2026-08-09,1247,475
51,049e8cf8,2026-08-09,1247,475
52,22ce3dc0,2026-08-09,1248,475
53,f587fd82,2026-08-09,1248,473
54,9ccb2d09,2026-08-09,1248,475
55,4bcacf67,2026-08-09,1248,476
56,952643a0,2026-08-09,1248,478
57,9a3b8193,2026-08-09,1248,480
58,95bbde23,2026-08-09,1248,482
59,5ab97787,2026-08-09,1248,482
60,634fac52,2026-08-09,1250,484
61,2e446275,2026-08-09,1250,486
62,5160cd5b,2026-08-09,1250,488
63,10cc8c61,2026-08-09,1250,490
64,0c418cec,2026-08-09,1250,492
65,03e8aec6,2026-08-09,1250,494
66,95b8e302,2026-08-09,1250,496
67,1b64f691,2026-08-09,1250,498
68,ff53ed0b,2026-08-09,1250,500
69,03b7726a,2026-08-09,1250,502
70,01ddc6c9,2026-08-09,1250,504
71,eef53d51,2026-08-09,1250,506
72,d50b23df,2026-08-09,1250,508
73,f5dfdc52,2026-08-09,1250,510
74,e4f2e4ab,2026-08-09,1250,512
75,2ad2653e,2026-08-09,1250,514
76,369f526a,2026-08-09,1250,516
77,e34dc77e,2026-08-09,1252,518
78,e166a0fb,2026-08-09,1252,520
79,74750ade,2026-08-09,1252,521
80,837daa7a,2026-08-09,1252,523
81,c315e089,2026-08-09,1252,525
82,f0803e26,2026-08-09,1252,526
83,94be2e3b,2026-08-09,1252,528
84,a1b49082,2026-08-09,1252,530
85,6c13741f,2026-08-09,1252,532
86,1cd94257,2026-08-09,1252,534
87,aee99825,2026-08-09,1252,536
88,6feae98f,2026-08-09,1252,538
89,6f1e9296,2026-08-09,1252,539
90,e2475c56,2026-08-09,1252,541
91,0753d0e9,2026-08-09,1252,542
92,e64c0750,2026-08-09,1252,544
93,eca8454f,2026-08-09,1252,546
94,52b80390,2026-08-09,1252,548
95,a365e266,2026-08-09,1252,550
96,3f7bd38a,2026-08-09,1252,552
97,2986539c,2026-08-09,1252,554
98,6e6d01ff,2026-08-09,1252,556
99,f0d55b24,2026-08-09,1252,558
100,7fc537d9,2026-08-09,1252,559
101,57751b5a,2026-08-09,1252,560
102,4362e21d,2026-08-09,1252,562
103,e02dca26,2026-08-09,1254,564
104,4c4d54e9,2026-08-09,1256,566
105,86d9f0ed,2026-08-09,1256,568
106,149267f1,2026-08-09,1256,570
107,15aab82b,2026-08-09,1256,572
108,11a88995,2026-08-09,1256,574
109,dddeb7d4,2026-08-09,1256,576
110,ce13cfee,2026-08-09,1256,578
111,1d5ce9f8,2026-08-09,1256,580
112,c84a2f73,2026-08-09,1256,582
113,6232e4f0,2026-08-09,1256,584
114,cd6fd24a,2026-08-09,1256,586
115,7c4f1c9e,2026-08-09,1256,588
116,b180a1a1,2026-08-09,1256,590
117,fe93174f,2026-08-09,1256,592
118,714b9a53,2026-08-09,1256,594
119,671f2066,2026-08-09,1256,596
120,8b5e9349,2026-08-09,1256,598
121,3008fde3,2026-08-09,1256,599
122,d8d682ea,2026-08-09,1256,601
123,888409b8,2026-08-09,1256,603
124,8b5ab41b,2026-08-09,1256,605
125,357f9005,2026-08-09,1256,607
126,538c83f2,2026-08-09,1256,609
127,1e0b9c9d,2026-08-09,1256,609
128,0ce663ff,2026-08-09,1256,609
129,94089b1c,2026-08-09,1256,609
130,b36a23cb,2026-08-09,1256,609
131,1c1eb5bc,2026-08-09,1256,609
132,3ec0a2a9,2026-08-09,1256,609
133,e64bf36c,2026-08-09,1256,609
134,8f251a17,2026-08-09,1256,609
135,84391d51,2026-08-09,1256,609
136,538bffdb,2026-08-09,1256,609
137,7f5123de,2026-08-09,1256,611
138,538d9991,2026-08-09,1256,613
139,3be1b1b6,2026-08-09,1256,615
140,4e90d515,2026-08-09,1258,617
141,133f8fbe,2026-08-09,1258,619
142,6df4b01c,2026-08-09,1258,620
143,d59fe99c,2026-08-09,1258,621
144,5c557d79,2026-08-09,1258,623
145,9bdf9173,2026-08-09,1258,625
146,d9c7bddd,2026-08-09,1258,627
147,b68c6a80,2026-08-09,1258,628
148,ab2d72d8,2026-08-09,1258,630
149,b454aeaf,2026-08-09,1258,632
150,525a6873,2026-08-09,1258,634
151,58098375,2026-08-09,1258,636
152,6720aeea,2026-08-09,1258,638
153,c28f9bfc,2026-08-09,1258,640
154,0f3de218,2026-08-09,1258,642
155,e27d7bd1,2026-08-09,1258,644
156,968aed87,2026-08-09,1258,646
157,1d0992bd,2026-08-09,1258,647
158,dd8b804c,2026-08-09,1258,648
159,5380eb2f,2026-08-09,1258,650
160,c29e5044,2026-08-09,1258,652
161,33e266e0,2026-08-09,1258,654
162,0d56935f,2026-08-09,1258,655
163,44ad025c,2026-08-09,1258,656
164,2a3d0544,2026-08-09,1258,658
165,b16d3057,2026-08-09,1258,660
166,62ee4d9c,2026-08-09,1258,662
167,fcff302f,2026-08-09,1258,664
168,096af3e6,2026-08-09,1258,666
169,dd567b15,2026-08-09,1258,668
170,6379aeab,2026-08-09,1258,670
171,91540675,2026-08-09,1258,672
172,bdaa175a,2026-08-09,1258,673
173,431a80de,2026-08-09,1258,674
174,1132051b,2026-08-09,1258,676
175,6a871488,2026-08-09,1258,678
176,dac991e8,2026-08-09,1258,680
177,337c4fd2,2026-08-09,1258,682
178,f4ceed41,2026-08-09,1258,684
179,51e0438e,2026-08-09,1258,685
180,3e5c58b6,2026-08-09,1258,687
181,d3606233,2026-08-09,1258,689
182,3c1b3ae5,2026-08-09,1258,691
183,9f0c8daa,2026-08-09,1258,693
184,e25ced8d,2026-08-09,1258,695
185,226c6f8e,2026-08-09,1258,697
186,4fc7f300,2026-08-09,1258,699
187,f7746f32,2026-08-09,1258,701
188,d5e47e54,2026-08-09,1258,702
189,9ecf44d9,2026-08-09,1258,703
190,f6fbd7fb,2026-08-09,1258,705
191,04a82e3a,2026-08-09,1258,707
192,b4f6f1fc,2026-08-09,1258,709
193,a4ba6767,2026-08-09,1258,711
194,0ad8d406,2026-08-09,1258,713
195,3f7e8372,2026-08-09,1258,719
196,46e2da7e,2026-08-09,1258,721
197,2e306ac1,2026-08-09,1258,723
198,c4e82a92,2026-08-09,1258,727
199,fa16366c,2026-08-09,1258,728
200,09aed7f7,2026-08-09,1258,729
201,b04d4331,2026-08-09,1258,730
202,26f6a231,2026-08-09,1258,731
203,9ef9c8f8,2026-08-09,1258,732
204,d52621ba,2026-08-09,1258,733
205,6bfbf7a4,2026-08-09,1258,734
206,ff1d45bd,2026-08-09,1258,735
207,33d70fdd,2026-08-09,1258,736
208,720fe749,2026-08-09,1258,737
209,c8c9e6b0,2026-08-09,1258,738
210,1a903805,2026-08-09,1258,739
211,1cad15b3,2026-08-09,1258,740
212,38e1ac0c,2026-08-09,1258,741
213,cedf18d6,2026-08-09,1258,742
214,19ea9077,2026-08-09,1258,743
215,5fc36b86,2026-08-09,1258,744
216,9510e7de,2026-08-09,1258,745
217,75d188dd,2026-08-09,1258,746
218,9e2c71bc,2026-08-09,1258,747
219,f39c2c63,2026-08-09,1258,748
220,2992d83a,2026-08-09,1258,749
221,39c6c97b,2026-08-09,1258,750
222,1ef9a357,2026-08-09,1258,751
223,036e896e,2026-08-09,1258,752
224,a48381f8,2026-08-09,1258,753
225,9769c299,2026-08-09,1258,754
226,6e3f3ff5,2026-08-09,1258,755
227,0d764cfc,2026-08-09,1258,756
228,94f0f8da,2026-08-09,1258,757
229,dddd0c1f,2026-08-09,1258,758
230,ee023aa1,2026-08-09,1258,759
231,226ea449,2026-08-09,1258,760
232,f34880c9,2026-08-09,1258,761
233,9f7a2ab5,2026-08-09,1258,762
234,29ab64a5,2026-08-09,1258,763
235,d034a237,2026-08-09,1258,764
236,a3dd5eb8,2026-08-09,1258,765
237,1465b3fc,2026-08-09,1258,766
238,d9e6123f,2026-08-09,1258,767
239,27583ee8,2026-08-09,1258,768
240,70486a46,2026-08-09,1258,769
241,13cbcaa3,2026-08-09,1258,770
242,7ff1e915,2026-08-09,1258,771
243,711e82f0,2026-08-09,1258,772
244,b1e27c77,2026-08-09,1258,773
245,464dc12b,2026-08-09,1258,774
246,083dc3bc,2026-08-09,1258,775
247,24fad458,2026-08-09,1258,776
248,8b4c84f5,2026-08-09,1258,777
249,32050256,2026-08-09,1258,778
250,cc25f598,2026-08-09,1258,779
251,15e8c128,2026-08-09,1258,780
252,702eb8b7,2026-08-09,1258,781
253,e9b1111c,2026-08-09,1258,782
254,a19051ab,2026-08-09,1258,783
255,cff00940,2026-08-09,1258,784
256,832b4194,2026-08-09,1258,785
257,017e2390,2026-08-09,1258,786
258,cba72e35,2026-08-09,1258,787
259,118e99c6,2026-08-09,1258,788
260,15cd6685,2026-08-09,1258,789
261,edb98f04,2026-08-09,1258,791
262,aaf7ee43,2026-08-09,1258,793
263,6f2e34b7,2026-08-09,1258,795
264,106dadc4,2026-08-09,1258,797
265,78b8907a,2026-08-09,1258,799
266,b89dff15,2026-08-09,1258,800
267,80eb42a5,2026-08-09,1258,801
268,e0986ff9,2026-08-09,1258,802
269,5f401d56,2026-08-09,1258,803
270,273efa92,2026-08-09,1258,803
271,c16dd730,2026-08-09,1258,803
272,bd340172,2026-08-09,1258,804
273,e8191ff6,2026-08-09,1258,805
274,6c5b6c03,2026-08-09,1258,806
275,02bc4f76,2026-08-09,1258,807
276,5369e5b0,2026-08-09,1258,808
277,958f29ed,2026-08-09,1258,809
278,8bb428ab,2026-08-09,1258,810
279,90b4db0b,2026-08-09,1258,811
280,ca74c50c,2026-08-09,1258,812
281,42dfddc2,2026-08-09,1258,813
282,c5ef7b2c,2026-08-09,1258,814
283,9feb2eb6,2026-08-09,1258,815
284,de5be9b8,2026-08-09,1258,816
285,077ffc64,2026-08-09,1258,817
286,1048247e,2026-08-09,1258,818
287,a96d9f57,2026-08-09,1258,819
288,39aca168,2026-08-09,1258,820
289,02e98f3a,2026-08-09,1258,821
290,93a38c32,2026-08-09,1258,822
291,af788a1a,2026-08-09,1258,823
292,66fdf800,2026-08-09,1258,824
293,ee3ff5c4,2026-08-09,1258,825
294,6c9e7096,2026-08-09,1258,826
295,8170cd4f,2026-08-09,1258,827
296,72ef994a,2026-08-09,1258,828
297,3eedaba7,2026-08-09,1258,829
298,6d349da8,2026-08-09,1258,830
299,ce9b9bba,2026-08-09,1258,831
300,9ed2a395,2026-08-09,1258,832
301,1f1e6156,2026-08-09,1258,833
302,668489b8,2026-08-09,1258,834
303,b4b033fa,2026-08-09,1258,835
304,51d08bd1,2026-08-09,1258,836
305,ba25ebe5,2026-08-09,1258,837
306,e8a72583,2026-08-09,1258,838
307,024e72ca,2026-08-09,1258,839
308,d120ec64,2026-08-09,1258,840
309,dc7f154c,2026-08-09,1258,841
310,feb0df55,2026-08-09,1258,842
311,246cf997,2026-08-09,1258,843
312,fbd8e639,2026-08-09,1258,844
313,21637d64,2026-08-09,1258,845
314,9aa1a283,2026-08-09,1258,846
315,cede1529,2026-08-09,1258,847
316,a13436c8,2026-08-09,1258,848
317,7dd24a1d,2026-08-09,1258,849
318,0b81a1c6,2026-08-09,1258,850
319,18a9e850,2026-08-09,1258,850
320,56590a5b,2026-08-09,1258,851
321,b2557559,2026-08-09,1258,852
322,a00c7b1d,2026-08-09,1258,853
323,ed2c1c00,2026-08-09,1258,878
324,dcf2d8a9,2026-08-09,1258,886
325,1ac350e0,2026-08-09,1258,901
326,af0b9a94,2026-08-09,1258,908
327,4226b7f2,2026-08-09,1258,917
328,cdde5ec9,2026-08-09,1258,925
329,55272565,2026-08-09,1258,925
330,22be848a,2026-08-09,1258,935
331,41b6dd70,2026-08-09,1258,958
332,4a051d02,2026-08-09,1258,961
333,b9d525bd,2026-08-09,1258,963
334,449b9b0c,2026-08-09,1258,966
335,8a4d00d9,2026-08-09,1258,968
336,b0d1e8bc,2026-08-09,1258,977
337,93d90e57,2026-08-09,1258,978
338,e92a7fed,2026-08-09,1258,981
339,1f1ba894,2026-08-09,1258,1003
340,3bb494c5,2026-08-09,1258,1012
341,cf7e6eec,2026-08-09,1258,1025
342,b06d52b1,2026-08-09,1260,1122
343,3d4e82bd,2026-08-09,1260,1123
344,0cc669a9,2026-08-09,1260,1134
345,a7906e1d,2026-08-09,1260,1136
346,3070ac35,2026-08-09,1260,1138
347,a976b708,2026-08-09,1260,1140
348,83cc0e82,2026-08-09,1260,1142
349,59fdd665,2026-08-09,1260,1144
350,283d1458,2026-08-09,1260,1146
351,0ddfc6fc,2026-08-09,1260,1148
352,af25908c,2026-08-09,1260,1150
353,6819e6b4,2026-08-09,1260,1152
354,0ce2697f,2026-08-09,1260,1154
355,c0b735c0,2026-08-09,1260,1156
356,4f5b55a3,2026-08-09,1260,1157
357,547362e6,2026-08-09,1260,1159
358,89a1f0fd,2026-08-09,1260,1161
359,c5518c33,2026-08-09,1260,1163
360,bb688afb,2026-08-09,1260,1165
361,234b4c26,2026-08-09,1260,1166
362,386b6d80,2026-08-09,1260,1167
363,49eacbbd,2026-08-09,1260,1168
364,4b0e0900,2026-08-09,1260,1169
365,55e41c51,2026-08-09,1260,1171
366,3826984d,2026-08-09,1260,1173
367,2c213c0b,2026-08-09,1260,1193
368,36c74eda,2026-08-09,1260,1214
369,84f8c3a6,2026-08-09,1260,1267
370,b78bef41,2026-08-09,1260,1273
371,ec2fe547,2026-08-09,1260,1319
372,9933d0ae,2026-08-09,1260,1321
373,6800bd5c,2026-08-09,1260,1321
374,e85290b1,2026-08-09,1260,1324
375,197970da,2026-08-09,1260,1333
376,ade94500,2026-08-09,1260,1338
377,62c6a995,2026-08-09,1263,1346
378,9ce893ed,2026-08-09,1263,1360
379,a3a36b9d,2026-08-09,1263,1372
380,6b917ed2,2026-08-09,1263,1378
381,69c80a8d,2026-08-09,1263,1382
382,bbc69fb1,2026-08-09,1263,1390
383,e740d871,2026-08-09,1263,1391
384,e7f6b8f7,2026-08-09,1263,1407
385,70adf5df,2026-08-09,1263,1429
386,84a2f9df,2026-08-09,1263,1434
387,a31aba8f,2026-08-10,1263,1440
388,e219b867,2026-08-10,1263,1445
389,10f3d547,2026-08-10,1263,1446
390,cb04b6f2,2026-08-10,1263,1455
391,d5a918b0,2026-08-10,1263,1453
392,0c4fc3a2,2026-08-10,1263,1452
393,8eb69024,2026-08-10,1263,1432
394,1e8c86dd,2026-08-10,1263,1432
395,e9d0db89,2026-08-10,1263,1432
396,24d3fe26,2026-08-10,1263,1432
397,f872b148,2026-08-10,1263,1432
398,8b2b8b9e,2026-08-10,1263,1432
399,79a7f4e0,2026-08-10,1263,1432
400,715e4b63,2026-08-10,1263,1432
401,84271135,2026-08-10,1263,1432
402,50f62c5c,2026-08-10,1263,1432
403,650be81d,2026-08-10,1258,1434
404,448867bd,2026-08-10,1252,1435
405,5366341d,2026-08-10,1247,1440
406,ab780f62,2026-08-10,1244,1443
407,70f25d6e,2026-08-10,1240,1447
408,0abc0c57,2026-08-10,1239,1451
409,ed26baea,2026-08-10,1239,1451
410,cf325797,2026-08-10,1237,1454
411,e6f279ef,2026-08-10,1235,1457
412,519a8aca,2026-08-10,1233,1459
413,871ec461,2026-08-10,1232,1460
414,a49dad2d,2026-08-10,1216,1460
415,ca8d7d01,2026-08-10,1216,1474
416,e165c828,2026-08-10,1216,1474
417,f880d820,2026-08-10,1216,1474
418,141dbbd7,2026-08-10,1216,1474
419,7a0c7b2d,2026-08-10,1212,1484
420,e3d56a35,2026-08-10,1212,1485
421,37a573d0,2026-08-10,1212,1496
422,12cd87bc,2026-08-10,1212,1496
423,95cbd56a,2026-08-10,1212,1498
424,9a5605df,2026-08-10,1212,1509
425,72659824,2026-08-10,1212,1508
426,5c3c7169,2026-08-10,1212,1522
427,e91d594d,2026-08-10,1212,1525
428,75af288b,2026-08-10,1212,1526
429,4181203e,2026-08-10,1212,1526
430,b0c8b898,2026-08-10,1212,1620
431,b50c3c59,2026-08-10,1212,1621
432,d9b6e099,2026-08-10,1212,1621
433,7eaff1bb,2026-08-11,1212,1610
434,23590d5b,2026-08-11,1212,1610
435,cee6a871,2026-08-18,1214,1610
436,f4eeebad,2026-08-18,1214,1610
437,684a0ee1,2026-08-18,1224,1610
438,0b5cdb9c,2026-08-18,1224,1613
439,7e124387,2026-08-18,1224,1608
440,fe91651e,2026-08-18,1224,1608
441,9a9629e2,2026-08-18,1224,1608
442,cfc0fa9f,2026-08-18,1224,1608
443,5626598f,2026-08-18,1216,1621
444,810ef760,2026-08-18,1215,1622
445,eb9aa945,2026-08-18,1208,1640
446,78f1f38c,2026-08-18,1204,1652
447,301e504b,2026-08-18,1191,1722
448,40489e56,2026-08-18,1167,1777
449,a14084b1,2026-08-18,1147,1892
450,27ff68d3,2026-08-18,1125,2010
451,6fc973db,2026-08-18,1101,2129
452,ed61b65c,2026-08-18,1068,2233
453,3f3ee147,2026-08-18,1068,2233
454,c2ce06fc,2026-08-18,1069,2235
455,8c2d1673,2026-08-18,1069,2238
456,a420a387,2026-08-19,1069,2238
457,29084630,2026-08-19,1069,2235
458,3bebad3f,2026-08-19,1069,2230
459,ce4b4c69,2026-08-19,1069,2210
460,1285b4d7,2026-08-19,1069,2205
461,2bd904cd,2026-08-19,1069,2190
462,f83bd94f,2026-08-19,1069,2189
463,f549f763,2026-08-19,1069,2186
464,db1ff0ff,2026-08-19,1069,2177
465,22ddd83b,2026-08-19,1069,2177
466,c4b1dc4c,2026-08-19,1069,2177
467,4f62e184,2026-08-19,1069,2177
468,79f49300,2026-08-19,1069,2195
469,c6023572,2026-08-19,1069,2268
470,72c6b9ed,2026-08-19,1069,2389
471,a8bf1f68,2026-08-19,1069,2516
472,0c3b03cb,2026-08-19,1069,2640
473,1a05aca5,2026-08-19,1069,2804
474,8fd6f742,2026-08-19,1069,2900
475,7fbd3ffa,2026-08-19,1069,3046
476,0c32fdae,2026-08-19,1069,3153
477,184b1542,2026-08-19,1069,3313
478,2b5f8e6f,2026-08-19,1069,3469
479,1fc642b1,2026-08-19,1069,3612
480,51dcbb58,2026-08-20,1069,3612
481,06260f2f,2026-08-20,1069,3612
482,03f66f6b,2026-08-20,1069,3612
483,b8c008e4,2026-08-20,1069,3612
484,ec86a33e,2026-08-20,1069,3612
485,275ecb8c,2026-08-20,1069,3612
486,2260df0e,2026-08-20,1069,3612
487,9f2d58ab,2026-08-20,1069,3762
488,e5146a8c,2026-08-20,1069,4026
489,563a5621,2026-08-20,1069,4367
490,dc33cd34,2026-08-20,1069,4398
491,bb6b4cb2,2026-08-20,1069,4636
492,97b1bb5c,2026-08-20,1075,4644
493,e7c37ccc,2026-08-20,1073,4626
494,f5a58a9a,2026-08-20,1066,4615
495,51769090,2026-08-20,1066,4615
496,2c8167aa,2026-08-20,1066,4615
497,58d99fc2,2026-08-20,1066,4615
498,ad2bbc9e,2026-08-20,1066,4615
499,b6db6dcd,2026-08-20,1066,4615
500,3f1cf8bd,2026-08-20,1066,4615
501,4cf1cc6f,2026-08-20,1066,4615
502,150c73a4,2026-08-20,1066,4615
503,20d9b6ea,2026-08-20,1066,4615
504,8039be95,2026-08-20,1066,4615
505,97c7fc31,2026-08-20,1066,4615
506,3674452b,2026-08-20,1066,4615
507,1cf5de18,2026-08-20,1066,4615
508,d0a09bf6,2026-08-20,1066,4615
509,6f79ffd2,2026-08-20,1066,4615
510,ebb87b1a,2026-08-20,1066,4615
511,39c40909,2026-08-20,1066,4615
512,b8e01621,2026-08-20,1066,5756
513,5b62c017,2026-08-20,1066,7256
514,3928d714,2026-08-20,1066,8041
515,ef113f7f,2026-08-20,1066,8041
516,ee5ece7b,2026-08-20,1066,8041
517,bce27b8f,2026-08-21,1066,8041
518,639164bb,2026-08-21,1066,8805
519,751c8d21,2026-08-21,1066,9004
520,8d5a5198,2026-08-21,1066,9004
521,bd030ff6,2026-08-21,1066,9004
522,cdffdf38,2026-08-21,1066,9004
523,4603d5ce,2026-08-21,1066,9366
524,b37c211d,2026-08-21,1066,9294
525,af134678,2026-08-21,1065,9282
526,42e2c779,2026-08-21,1065,9260
527,688fc878,2026-08-21,1065,9252
528,0b56fb41,2026-08-21,1065,9491
529,a982c572,2026-08-21,1065,9416
530,4797c9d5,2026-08-21,1065,9298
531,0250eb3f,2026-08-21,1065,9298
532,b37e8f6f,2026-08-21,1065,9295
533,c13a1eb1,2026-08-21,1063,9259
534,0f5be430,2026-08-21,1063,9259
535,52d97d3e,2026-08-21,1072,9243
536,63f70257,2026-08-21,1072,9243
